Category,Service / Field Name,Official URL / Required Link,Status,Purpose & Indus Appstore / Store Requirement
"Indus Appstore Store Listing","Privacy Policy URL (Mandatory)","https://tyresathi-93306.web.app/privacy-policy","Live & Compliant","Mandatory store listing link for user privacy and permissions disclosure"
"Indus Appstore Store Listing","User Data Deletion URL (Mandatory)","https://tyresathi-93306.web.app/privacy-policy#data-deletion","Live & Compliant","Mandatory requirement for account deletion & data wipe request"
"Indus Appstore Store Listing","Official Website / Homepage","https://tyresathi-93306.web.app/","Live Production","Official company landing page & web portal"
"Indus Appstore Store Listing","Terms of Service URL","https://tyresathi-93306.web.app/terms-of-service","Live Production","User terms, disclaimer & platform rules"
"Indus Appstore Store Listing","Trademark & IP Disclaimer","https://tyresathi-93306.web.app/trademark-disclaimer","Live Production","Brand trademarks disclaimer (MRF, Apollo, CEAT, etc.)"
"Indus Appstore Store Listing","Developer / Support Email","tyresathi@gmail.com","Active","Primary developer contact email for app store console"
"Indus Appstore Store Listing","Support Helpline & WhatsApp","+91 88772 77757","Active","Direct helpline number for customer & store verification"
"Indus Appstore Store Listing","Support & Helpdesk Portal","https://tyresathi-93306.web.app/support","Live Production","Customer ticketing & grievance redressal portal"
"Official App Package","Release Signed APK Download (v1.2.4)","https://github.com/tyresathi-sudo/tyresaathi/releases/download/v1.2.4/TyreSaathi.apk","Active (Direct Download)","Direct signed release APK ready to upload on Indus Appstore"
"Official App Package","Latest Release Hub","https://github.com/tyresathi-sudo/tyresaathi/releases/latest","Active","Official GitHub releases portal with release notes & tags"
"CI/CD & Cloud Build","Automated APK Build Workflow","https://github.com/tyresathi-sudo/tyresaathi/actions","Automated","GitHub Actions CI/CD building signed APKs automatically"
"Source Code Repository","GitHub Main Repository","https://github.com/tyresathi-sudo/tyresaathi","Active","Complete source code, React PWA & Android Capacitor code"
"App Store Console","Indus Appstore Developer Portal","https://developer.indusappstore.com/","Target Console","PhonePe Indus Appstore developer console for publishing"
"Cloud Infrastructure","Firebase Project Console","https://console.firebase.google.com/project/tyresathi-93306/overview","Connected","Backend cloud configuration, Firestore DB, Auth & Storage"
"Live Web Application","Primary Firebase Domain","https://tyresathi-93306.web.app","Live Production","High-speed Google Cloud hosted PWA domain"
"Live Web Application","Secondary Firebase Domain","https://tyresaathi-sudo.web.app","Live Production","Alternative production domain mirror"
"App Navigation","Store Directory & Maps","https://tyresathi-93306.web.app/store-location","Live Production","Verified tyre stores, puncture hubs & GPS navigation"
"App Navigation","Tyre Catalog & Search","https://tyresathi-93306.web.app/search","Live Production","Car, Bike, Truck, Tractor tyre catalogue search"
"App Navigation","Service Bookings","https://tyresathi-93306.web.app/bookings","Live Production","Tyre fitting, alignment & puncture appointment bookings"
"App Navigation","GST & Digital Invoicing","https://tyresathi-93306.web.app/billing","Live Production","Tax invoices, instant PDF generation & WhatsApp bill sharing"
"App Navigation","Shop Analytics & Insights","https://tyresathi-93306.web.app/analytics","Live Production","Live shop performance, store views & customer booking graphs"
"App Navigation","Membership & Pricing Plans","https://tyresathi-93306.web.app/subscription","Live Production","Free trial, Silver partner & Gold dealer subscriptions"
"Master Control","Master Admin Portal","https://tyresathi-93306.web.app/admin","Protected (Admin)","Super admin management dashboard (tyresathi@gmail.com only)"
